userid,fullname,email,mobile,country,membersince,password
JohnC,John Citizen,john.citizen@test.com,614201234567,Australia,2023-07-17,123456
markg,Mark Gibston,mark.gibston@demo.com,614691234567,Australia,2023-08-27,123456
samy,Sam Yin,samyin@retailertest.com,654731234567,Singapore,2023-09-18,123456
davidp,David Pang,david.pang@dummy.com,652031234567,Singapore,2023-11-07,123456
thussian,Thair Hussain,thair.hussain@demo.com,919926123456,India,2023-10-19,123456
sarag,Sara Ghosh,sara.ghosh@test.com,919870123456,India,2023-07-02,123456
hysun,Hysun He,hysun.he@test.com,18666229999,China,2023-07-02,123456
